{"_type":"export","__export_format":4,"__export_date":"2023-07-25T14:27:00.798Z","__export_source":"insomnia.desktop.app:v2023.4.0","resources":[{"_id":"req_08db6f127b0e4f0b8edbe3a9b710e06f","parentId":"fld_ee4199ad5de74ddd993cabb4fcd76d2a","modified":1688652530906,"created":1688652028841,"url":"{{ _.baseURL }}/bank-accounts","name":"create","description":"","method":"POST","body":{"mimeType":"application/json","text":"{\n  \"name\": \"Banco Inter\",\n  \"initialBalance\": 500,\n  \"color\": \"#333\",\n  \"type\": \"CASH\"\n}"},"parameters":[],"headers":[{"name":"Content-Type","value":"application/json"}],"authentication":{"type":"bearer","prefix":"Bearer","token":"{{ _.accessTokens.User1 }}"},"metaSortKey":-1688652213502.25,"isPrivate":false,"settingStoreCookies":true,"settingSendCookies":true,"settingDisableRenderRequestBody":false,"settingEncodeUrl":true,"settingRebuildPath":true,"settingFollowRedirects":"global","_type":"request"},{"_id":"fld_ee4199ad5de74ddd993cabb4fcd76d2a","parentId":"wrk_4edad4a10cfc401e895caaabcf3568c3","modified":1688651998449,"created":1688651972446,"name":"bank-accunts","description":"","environment":{},"environmentPropertyOrder":null,"metaSortKey":-1688651972446,"_type":"request_group"},{"_id":"wrk_4edad4a10cfc401e895caaabcf3568c3","parentId":null,"modified":1690295110176,"created":1688650673572,"name":"Fincheck","description":"Controle de Finanças Pessoais","scope":"collection","_type":"workspace"},{"_id":"req_aa032928dbb44692bd04433154db86b5","parentId":"fld_ee4199ad5de74ddd993cabb4fcd76d2a","modified":1688652534072,"created":1688651974028,"url":"{{ _.baseURL }}/bank-accounts","name":"list","description":"","method":"GET","body":{},"parameters":[],"headers":[],"authentication":{"type":"bearer","prefix":"Bearer","token":"{{ _.accessTokens.User1 }}"},"metaSortKey":-1688652153633.6875,"isPrivate":false,"settingStoreCookies":true,"settingSendCookies":true,"settingDisableRenderRequestBody":false,"settingEncodeUrl":true,"settingRebuildPath":true,"settingFollowRedirects":"global","_type":"request"},{"_id":"req_b626be3dac974e2999a1e57452360aa8","parentId":"fld_ee4199ad5de74ddd993cabb4fcd76d2a","modified":1688652531608,"created":1688652293327,"url":"{{ _.baseURL }}/bank-accounts/3c608541-b698-49ff-aecb-8d613a2ce09d","name":"update","description":"","method":"PUT","body":{"mimeType":"application/json","text":"{\n  \"name\": \"Neon\",\n  \"initialBalance\": 3000,\n  \"color\": \"#555\",\n  \"type\": \"CASH\"\n}"},"parameters":[],"headers":[{"name":"Content-Type","value":"application/json"}],"authentication":{"type":"bearer","prefix":"Bearer","token":"{{ _.accessTokens.User1 }}"},"metaSortKey":-1688652093765.125,"isPrivate":false,"settingStoreCookies":true,"settingSendCookies":true,"settingDisableRenderRequestBody":false,"settingEncodeUrl":true,"settingRebuildPath":true,"settingFollowRedirects":"global","_type":"request"},{"_id":"req_884bd3ced9d0404ca6342d45dd3e5438","parentId":"fld_ee4199ad5de74ddd993cabb4fcd76d2a","modified":1689261881830,"created":1688652450767,"url":"{{ _.baseURL }}/bank-accounts/960a112e-feeb-4eb3-a2b7-5ff9985e7520","name":"delete","description":"","method":"DELETE","body":{},"parameters":[],"headers":[],"authentication":{"type":"bearer","prefix":"Bearer","token":"{{ _.accessTokens.User1 }}"},"metaSortKey":-1688651973928,"isPrivate":false,"settingStoreCookies":true,"settingSendCookies":true,"settingDisableRenderRequestBody":false,"settingEncodeUrl":true,"settingRebuildPath":true,"settingFollowRedirects":"global","_type":"request"},{"_id":"req_1e39a424ff664f7f81ad01c96b5a2147","parentId":"fld_3d5e5be020004261914d2f2ef687f980","modified":1688652714613,"created":1688651754300,"url":"{{ _.baseURL }}/transactions","name":"create","description":"","method":"POST","body":{"mimeType":"application/json","text":"{\n  \"bankAccountId\": \"3c608541-b698-49ff-aecb-8d613a2ce09d\",\n  \"categoryId\": \"3d6d79a4-7c7a-4060-85f4-076fa2c3c482\",\n  \"name\": \"Casa\",\n  \"value\": 250,\n  \"date\": \"2023-03-28T00:00:01.884Z\",\n  \"type\": \"EXPENSE\"\n}"},"parameters":[],"headers":[{"name":"Content-Type","value":"application/json"}],"authentication":{"type":"bearer","prefix":"Bearer","token":"{{ _.accessTokens.User1 }}"},"metaSortKey":-1688651754300,"isPrivate":false,"settingStoreCookies":true,"settingSendCookies":true,"settingDisableRenderRequestBody":false,"settingEncodeUrl":true,"settingRebuildPath":true,"settingFollowRedirects":"global","_type":"request"},{"_id":"fld_3d5e5be020004261914d2f2ef687f980","parentId":"wrk_4edad4a10cfc401e895caaabcf3568c3","modified":1688651350961,"created":1688651350961,"name":"transactions","description":"","environment":{},"environmentPropertyOrder":null,"metaSortKey":-1688651350961,"_type":"request_group"},{"_id":"req_555e54acf2494c29a092f7a9f75c359f","parentId":"fld_3d5e5be020004261914d2f2ef687f980","modified":1688653340442,"created":1688651352270,"url":"{{ _.baseURL }}/transactions","name":"list","description":"","method":"GET","body":{},"parameters":[{"id":"pair_4c22e4edd5014ce0bb8a44641b364836","name":"month","value":"6","description":"","disabled":false},{"id":"pair_cb8c5ac407b84d4093aad33e8c297869","name":"year","value":"2023","description":"","disabled":false},{"id":"pair_0a08e93c8b204417bdb2f7558447fb21","name":"bankAccountId","value":"3c608541-b698-49ff-aecb-8d613a2ce09d","description":""},{"id":"pair_37c667bedf0648bbb7b5c04ec6a3b6bd","name":"type","value":"INCOME","description":"","disabled":false}],"headers":[],"authentication":{"type":"bearer","token":"{{ _.accessTokens.User1 }}","prefix":"Bearer"},"metaSortKey":-1688651352270,"isPrivate":false,"settingStoreCookies":true,"settingSendCookies":true,"settingDisableRenderRequestBody":false,"settingEncodeUrl":true,"settingRebuildPath":true,"settingFollowRedirects":"global","_type":"request"},{"_id":"req_3b5e68f6a0f5427f8e47c61c3c05b8de","parentId":"fld_3d5e5be020004261914d2f2ef687f980","modified":1688653470873,"created":1688653193297,"url":"{{ _.baseURL }}/transactions/0db222db-9f57-4cd2-b6d4-f3e9109d8a31","name":"update","description":"","method":"PUT","body":{"mimeType":"application/json","text":"{\n  \"bankAccountId\": \"3c608541-b698-49ff-aecb-8d613a2ce09d\",\n  \"categoryId\": \"195ddc95-fd1f-41b7-82b3-d574f3689a56\",\n  \"name\": \"Salário\",\n  \"value\": 3000,\n  \"date\": \"{% now 'iso-8601', '' %}\",\n  \"type\": \"INCOME\"\n}"},"parameters":[],"headers":[{"name":"Content-Type","value":"application/json"}],"authentication":{"type":"bearer","prefix":"Bearer","token":"{{ _.accessTokens.User1 }}"},"metaSortKey":-1688651352245,"isPrivate":false,"settingStoreCookies":true,"settingSendCookies":true,"settingDisableRenderRequestBody":false,"settingEncodeUrl":true,"settingRebuildPath":true,"settingFollowRedirects":"global","_type":"request"},{"_id":"req_447e44d5f8724fc7a56973842e06eb0b","parentId":"fld_3d5e5be020004261914d2f2ef687f980","modified":1689261885834,"created":1688653417929,"url":"{{ _.baseURL }}/transactions/0db222db-9f57-4cd2-b6d4-f3e9109d8a31","name":"delete","description":"","method":"DELETE","body":{},"parameters":[],"headers":[],"authentication":{"type":"bearer","prefix":"Bearer","token":"{{ _.accessTokens.User1 }}"},"metaSortKey":-1688651352220,"isPrivate":false,"settingStoreCookies":true,"settingSendCookies":true,"settingDisableRenderRequestBody":false,"settingEncodeUrl":true,"settingRebuildPath":true,"settingFollowRedirects":"global","_type":"request"},{"_id":"req_6950716d2a204cdabf5fac87886d38ef","parentId":"fld_1c78442f8ca644578a82aba5832bfc00","modified":1688651564644,"created":1688651457930,"url":"{{ _.baseURL }}/auth/signup","name":"signup","description":"","method":"POST","body":{"mimeType":"application/json","text":"{\n  \"name\": \"Joaozinho\",\n  \"email\": \"test+3.joao@hotmail.com\",\n  \"password\": \"12345678\"\n}"},"parameters":[],"headers":[{"name":"Content-Type","value":"application/json"}],"authentication":{},"metaSortKey":-1688651457930,"isPrivate":false,"settingStoreCookies":true,"settingSendCookies":true,"settingDisableRenderRequestBody":false,"settingEncodeUrl":true,"settingRebuildPath":true,"settingFollowRedirects":"global","_type":"request"},{"_id":"fld_1c78442f8ca644578a82aba5832bfc00","parentId":"wrk_4edad4a10cfc401e895caaabcf3568c3","modified":1688651163835,"created":1688651163835,"name":"auth","description":"","environment":{},"environmentPropertyOrder":null,"metaSortKey":-1688651163835,"_type":"request_group"},{"_id":"req_e34e1cc25ea0433497381c72dc28a217","parentId":"fld_1c78442f8ca644578a82aba5832bfc00","modified":1688651448377,"created":1688651173043,"url":"{{ _.baseURL }}/auth/signin","name":"signin","description":"","method":"POST","body":{"mimeType":"application/json","text":"{\n  \"email\": \"test+2.joao@hotmail.com\",\n  \"password\": \"12345678\"\n}"},"parameters":[],"headers":[{"name":"Content-Type","value":"application/json"}],"authentication":{},"metaSortKey":-1688651173043,"isPrivate":false,"settingStoreCookies":true,"settingSendCookies":true,"settingDisableRenderRequestBody":false,"settingEncodeUrl":true,"settingRebuildPath":true,"settingFollowRedirects":"global","_type":"request"},{"_id":"req_055ef3f63f9f4a658be0614a8404d575","parentId":"fld_6996475883114ce0b8b1ca096d6b1166","modified":1688652247419,"created":1688651011632,"url":"{{ _.baseURL }}/categories","name":"list","description":"","method":"GET","body":{},"parameters":[],"headers":[],"authentication":{"type":"bearer","prefix":"Bearer","token":"{{ _.accessTokens.User1 }}"},"metaSortKey":-1688651011632,"isPrivate":false,"settingStoreCookies":true,"settingSendCookies":true,"settingDisableRenderRequestBody":false,"settingEncodeUrl":true,"settingRebuildPath":true,"settingFollowRedirects":"global","_type":"request"},{"_id":"fld_6996475883114ce0b8b1ca096d6b1166","parentId":"wrk_4edad4a10cfc401e895caaabcf3568c3","modified":1688651009861,"created":1688651009861,"name":"categories","description":"","environment":{},"environmentPropertyOrder":null,"metaSortKey":-1688651009861,"_type":"request_group"},{"_id":"req_ae7898ca5d0549aa809acd29fd80b637","parentId":"fld_e387ef61d0d64fd6b10b59ab556167ce","modified":1688651001692,"created":1688650946253,"url":"{{ _.baseURL }}/user/me","name":"me","description":"","method":"GET","body":{},"parameters":[],"headers":[],"authentication":{},"metaSortKey":-1688650946253,"isPrivate":false,"settingStoreCookies":true,"settingSendCookies":true,"settingDisableRenderRequestBody":false,"settingEncodeUrl":true,"settingRebuildPath":true,"settingFollowRedirects":"global","_type":"request"},{"_id":"fld_e387ef61d0d64fd6b10b59ab556167ce","parentId":"wrk_4edad4a10cfc401e895caaabcf3568c3","modified":1688650925508,"created":1688650925508,"name":"users","description":"","environment":{},"environmentPropertyOrder":null,"metaSortKey":-1688650925508,"_type":"request_group"},{"_id":"env_0c95d68e2ea54ca0d497218110d099836141d806","parentId":"wrk_4edad4a10cfc401e895caaabcf3568c3","modified":1688652891562,"created":1688650673574,"name":"Base Environment","data":{"baseURL":"http://localhost:3000","accessTokens":{"User1":"eyJhbGciOiJIUzI1NiIsInR5cCI6IkpXVCJ9.eyJzdWIiOiI3MmJlNDk4Yy1jNzhlLTQzMjEtODRjNy1mMTVmZjg2ZWIxMTYiLCJpYXQiOjE2ODg2NTEyMTQsImV4cCI6MTY4OTI1NjAxNH0.wfE-SrN8CawqL_JzgBEkRjlVt17V3gzQkLDPckhf9yw","User2":"eyJhbGciOiJIUzI1NiIsInR5cCI6IkpXVCJ9.eyJzdWIiOiIwNjcxODUyNi0xZmM2LTQyZmYtOTk3MC0wYTZkNTVkYzAzNzMiLCJpYXQiOjE2ODg2NTEyOTYsImV4cCI6MTY4OTI1NjA5Nn0.TnghtXG_rgCiRMTB-8qodU83fVeDgzGX7-et63HCP4c","User3":"eyJhbGciOiJIUzI1NiIsInR5cCI6IkpXVCJ9.eyJzdWIiOiIxZTk3ZGMxYy05ODlhLTQxODctODA4Yy01YmVlODdhMjU3YTIiLCJpYXQiOjE2ODg2NTE1MzAsImV4cCI6MTY4OTI1NjMzMH0.lkFmFM4ivtrus00LU_R4SeU0_8HYW4aWO7llNki7oGw"}},"dataPropertyOrder":{"&":["baseURL","accessTokens"],"&~|accessTokens":["User1","User2","User3"]},"color":null,"isPrivate":false,"metaSortKey":1688650673574,"_type":"environment"},{"_id":"jar_0c95d68e2ea54ca0d497218110d099836141d806","parentId":"wrk_4edad4a10cfc401e895caaabcf3568c3","modified":1688650673575,"created":1688650673575,"name":"Default Jar","cookies":[],"_type":"cookie_jar"}]}